Hz,max_dB
5,85.75799069
6,85.89942841
7,86.47999496
8,86.8596676
9,86.84929871
10,87.24470896
11,87.8852643
12,88.14816727
