Hz,max_dB
5,85.79452859
6,85.94504889
7,86.52288171
8,86.90888795
9,86.8867494
10,87.28576868
11,87.93059888
12,88.17372482
